 ,acc,loss,Specificity,Sensitivity,acc_last,loss_last,Specificity_last,Sensitivity_last
1,0.7042,2.0552,0.675,0.73333335,0.7333,1.5876,0.59166664,0.875
2,0.7769,1.1084,0.6859503984451294,0.8677685856819153,0.7851,0.9438,0.6942148804664612,0.8760330677032471
3,0.7397,4.611,0.7355371713638306,0.7438016533851624,0.7438,4.7493,0.7355371713638306,0.7520661354064941
