 ,acc,loss,Specificity,Sensitivity,acc_last,loss_last,Specificity_last,Sensitivity_last
1,0.7375,0.6207,0.65,0.825,0.725,0.8045,0.6333333000000001,0.81666666
2,0.7934,0.6271,0.7272727489471436,0.8595041036605835,0.8099,0.6252,0.7190082669258118,0.9008264541625975
3,0.7562,0.7347,0.6776859760284424,0.8347107172012329,0.7562,0.7347,0.6776859760284424,0.8347107172012329
