 ,acc,loss,Specificity,Sensitivity,acc_last,loss_last,Specificity_last,Sensitivity_last
1,0.7083,1.4485,0.59166664,0.825,0.7208,1.8732,0.6,0.84166664
2,0.7727,1.2021,0.7603305578231812,0.7851239442825317,0.7314,0.9805,0.71074378490448,0.7520661354064941
3,0.719,3.7961,0.7272727489471436,0.71074378490448,0.7603,3.6868,0.7438016533851624,0.7768595218658447
