 ,acc,loss,Specificity,Sensitivity,acc_last,loss_last,Specificity_last,Sensitivity_last
1,0.5623,0.7832,0.65124553,0.4733096,0.5658,0.7739,0.65124553,0.4733096
2,0.5479,1.6357,0.4964539110660553,0.5992907881736755,0.5089,1.0568,0.4964539110660553,0.5992907881736755
3,0.5496,0.8375,0.542553186416626,0.5567376017570496,0.5585,0.7848,0.542553186416626,0.5567376017570496
