 ,acc,loss,Specificity,Sensitivity,acc_last,loss_last,Specificity_last,Sensitivity_last
1,0.6917,4.4383,0.6666667,0.71666664,0.7167,1.7534,0.6,0.8333333
2,0.7066,5.1152,0.6694214940071106,0.7438016533851624,0.7438,1.1603,0.6611570119857788,0.8264462947845459
3,0.719,3.5012,0.7272727489471436,0.71074378490448,0.7149,3.656,0.7190082669258118,0.71074378490448
